peak_date,trough_date,depth_%,months_to_trough,recovery_date,months_trough_to_recovery,ret_12m_after_trough_%,ttm_eps_yoy_at_trough_%
1996-02-05,1996-12-10,-64.4,10.2,1998-12-31,24.7,65.2,
1999-07-15,1999-10-01,-31.8,2.6,1999-12-01,2.0,53.6,
2000-02-10,2000-10-17,-43.3,8.2,2001-04-12,5.8,137.2,
2001-12-26,2003-03-11,-72.5,14.5,2004-06-28,15.6,179.5,
2004-06-29,2004-09-20,-33.2,2.7,2004-12-14,2.8,29.8,25.0
2008-06-23,2008-12-02,-51.9,5.3,2012-01-18,37.6,54.3,10.0
2018-09-11,2018-12-24,-32.4,3.4,2019-04-24,4.0,102.3,45.5
2020-02-19,2020-03-23,-43.8,1.1,2020-09-02,5.4,82.7,30.6
2021-11-16,2022-06-16,-35.4,7.0,2023-05-10,10.8,70.8,31.0
2025-05-16,2026-09-29,-57.5,16.5,,,,-3.1
