date,surprise_%,pre_dist_200d_%,next_day_%,next_5d_%
2002-05-21,4.5,-11.8,-0.6,-3.9
2002-09-17,-34.58,-19.2,-27.5,-28.4
2002-09-17,2.29,-19.2,-27.5,-28.4
2002-11-20,,-18.6,2.0,0.7
2003-02-18,-6.2,-26.3,-23.9,-21.3
2003-05-21,9.7,-17.6,4.3,4.5
2003-09-16,7.2,11.0,0.2,4.6
2003-12-02,6.3,20.5,4.5,26.5
2004-02-24,15.12,34.7,15.8,16.8
2004-05-25,35.04,26.8,17.8,22.7
2004-09-14,16.71,9.5,-12.6,-14.9
2004-11-30,14.24,2.7,16.9,16.8
2005-03-01,11.17,9.8,4.6,3.3
2005-06-01,8.24,11.7,2.0,0.4
2005-09-28,8.0,-4.2,3.4,3.9
2005-12-02,-9.6,6.6,-4.7,-8.2
2006-03-07,4.98,6.6,3.9,3.4
2006-05-31,-4.01,10.6,-6.0,-10.1
2006-10-04,12.86,5.5,8.8,4.7
2006-12-05,6.67,12.3,-2.7,0.1
2007-03-06,-3.05,3.1,-5.0,-4.3
2007-06-05,,5.1,-3.4,-6.6
2007-09-26,13.17,1.8,12.9,14.9
2007-12-04,6.7,19.8,7.6,10.1
2008-03-06,-11.99,13.8,-10.2,-3.3
2008-06-03,4.41,17.0,3.7,6.4
2008-09-24,5.19,-2.6,0.0,-7.5
2008-12-03,1.74,-41.5,15.0,8.8
2009-03-04,-4.12,-29.4,4.6,11.6
2009-06-03,3.06,1.3,8.4,7.4
2009-09-23,-5.28,23.6,-14.7,-13.2
2009-12-01,5.0,1.2,8.8,7.5
2010-03-02,,7.7,-5.3,-5.6
2010-06-02,7.18,3.9,2.4,-1.4
2010-09-22,-11.02,1.6,-10.7,-8.7
2010-11-30,-0.64,0.7,-4.7,-5.4
2011-03-02,3.23,14.1,0.7,1.3
2011-06-01,1.28,19.7,-3.9,-4.9
2011-09-20,0.35,-5.2,-5.5,-1.6
2011-11-28,6.34,-0.5,1.5,6.8
2012-02-28,20.11,3.6,8.7,8.5
2012-05-29,-0.46,17.2,0.9,-8.5
2012-09-25,3.45,9.5,1.6,-0.0
2012-11-27,0.94,14.5,0.4,1.7
2013-02-27,-14.16,25.2,-3.0,-4.8
2013-05-30,-16.83,17.4,-6.3,-6.3
2013-09-24,-19.32,2.7,-8.9,-3.8
2013-11-25,-5.57,-2.3,4.3,8.4
2014-02-25,-4.83,4.9,0.8,4.0
2014-05-28,-2.13,5.1,-3.1,-1.6
2014-09-23,-4.36,-6.8,-4.4,-4.9
2014-11-24,9.39,-0.5,5.0,4.9
2015-02-24,-1.11,7.5,2.0,0.7
2015-05-27,-10.69,0.4,-3.2,-2.9
2015-09-22,14.13,-5.3,-0.8,-2.9
2015-11-23,-2.45,3.3,5.2,5.8
2016-02-23,11.61,0.6,2.2,9.5
2016-05-25,17.65,16.7,9.6,12.6
2016-09-20,7.73,18.2,4.1,5.1
2016-11-21,3.53,18.8,-4.5,-3.0
2017-02-21,1.47,15.3,-3.1,-1.9
2017-05-24,2.26,6.4,4.8,6.0
2017-09-19,13.11,7.5,4.1,5.2
2017-11-21,23.99,14.8,11.7,14.8
2018-02-26,21.85,29.2,1.6,1.2
2018-05-23,6.33,24.7,-0.5,3.5
2018-09-19,-13.07,5.7,1.0,-7.1
2018-11-20,-0.24,-12.4,5.9,9.4
2019-02-20,2.77,-1.3,5.7,9.3
2019-05-22,6.27,15.5,7.9,10.4
2019-09-04,3.63,20.1,6.5,6.7
2019-11-20,10.09,17.9,3.5,6.3
2020-02-19,-1.65,26.9,-6.9,-15.4
2020-05-20,-8.2,4.0,-0.3,2.8
2020-09-01,79.56,19.1,0.7,-0.9
2020-11-18,12.2,25.7,-1.8,-1.0
2021-02-18,0.29,14.2,-1.4,-10.0
2021-05-19,36.9,6.9,2.6,5.7
2021-09-08,12.7,16.4,-1.8,3.0
2021-11-17,6.57,19.2,-0.9,-5.5
2022-02-16,2.43,-9.1,-1.6,-4.2
2022-05-18,2.49,-21.4,4.1,4.4
2022-09-07,2.9,-4.8,-1.6,-6.8
2022-11-16,-9.42,5.6,3.4,6.2
2023-05-17,12.54,25.6,7.8,5.4
2023-09-14,4.82,15.7,-2.2,-3.8
2023-11-16,4.65,18.1,1.8,3.0
2024-02-22,-4.25,7.7,4.0,7.6
2024-05-16,0.98,10.9,-0.1,-1.9
2024-09-04,-9.87,1.4,-6.7,-6.9
2024-11-21,0.94,6.4,10.2,11.4
2025-02-20,7.52,6.0,-2.8,-5.1
2025-05-22,0.78,7.9,-11.5,-15.1
2025-09-04,13.29,-8.7,-2.8,-2.1
2025-11-20,5.09,-19.2,-0.7,-5.0
2026-02-19,-8.12,-17.2,-3.1,-1.3
2026-05-21,5.71,-13.9,-1.8,-4.7
2026-09-10,-8.52,-10.4,-2.6,-3.5
