signal,date,close,daily_rsi,pct_below_200d,fwd_3M_%,fwd_6M_%,fwd_12M_%
daily,1996-05-24,0.2,28.5,-20.1,-20.5,-9.0,-17.9
daily,1996-07-25,0.14,29.1,-41.6,35.2,12.1,26.9
daily,1996-12-09,0.16,23.3,-23.5,10.9,6.7,16.7
daily,1997-04-28,0.13,29.1,-20.0,41.4,34.6,56.0
daily,2000-07-25,0.53,29.7,-21.3,6.8,36.1,127.4
daily,2002-04-29,0.96,30.0,-22.9,-11.6,-28.1,-46.8
daily,2002-07-16,0.89,26.7,-27.3,-22.8,-12.1,-31.2
daily,2002-09-18,0.65,28.4,-41.2,11.1,-25.9,5.8
daily,2003-01-24,0.65,29.5,-22.5,-24.5,-10.7,73.3
daily,2008-10-08,2.06,16.1,-21.2,-16.3,-8.9,1.3
daily,2020-03-16,16.64,26.9,-20.5,29.9,56.0,63.8
daily,2022-03-07,27.41,29.9,-21.4,4.8,6.2,29.9
daily,2025-11-06,39.98,23.7,-22.5,0.8,-16.8,
daily,2026-02-23,35.36,28.5,-21.8,-4.4,-5.9,
weekly,1996-05-31,0.18,21.9,-30.1,-5.1,1.5,-8.8
weekly,2002-08-02,0.8,33.5,-32.6,-16.6,-20.6,-31.2
weekly,2003-02-21,0.5,28.8,-37.7,12.5,17.9,106.9
weekly,2008-10-17,2.01,28.1,-22.8,-22.7,-2.1,5.1
weekly,2009-01-23,1.54,38.2,-34.8,26.0,38.2,40.9
weekly,2020-03-20,15.04,27.8,-28.1,40.3,72.3,82.5
weekly,2025-11-07,40.51,28.8,-21.3,-0.4,-17.5,
weekly,2026-03-13,34.09,29.5,-21.7,-9.8,-6.9,
weekly,2026-07-10,27.52,34.6,-25.8,,,
retest,1996-08-02,0.17,53.5,-30.1,14.8,7.8,17.2
retest,1997-01-20,0.15,61.6,-18.0,-4.3,21.6,24.4
retest,1997-03-27,0.17,48.7,-2.2,2.4,14.6,4.7
retest,2000-10-30,0.61,53.0,-13.3,29.2,66.5,119.8
retest,2002-05-10,1.07,54.1,-12.8,-32.0,-37.7,-47.6
retest,2002-08-22,0.89,63.6,-22.7,-14.3,-46.6,-34.9
retest,2002-11-15,0.71,59.1,-24.6,-36.4,-24.7,9.0
retest,2003-04-07,0.51,55.6,-28.3,19.2,38.9,165.5
retest,2003-08-21,0.59,59.9,-2.1,27.2,75.5,131.1
retest,2005-09-29,1.48,54.3,-0.9,-2.7,15.7,18.8
retest,2009-01-06,1.76,56.4,-26.9,4.2,16.4,28.6
retest,2009-03-11,1.76,60.1,-20.3,20.9,29.6,25.0
retest,2009-05-22,1.86,43.3,-6.0,21.8,11.7,17.4
retest,2010-10-11,2.15,53.0,-2.7,8.8,29.2,22.4
retest,2013-11-15,4.07,55.6,-2.5,5.3,10.4,4.8
retest,2014-10-23,4.11,60.5,-5.7,13.2,11.5,8.6
retest,2015-10-08,4.36,53.4,-3.5,0.7,17.4,53.4
retest,2019-01-07,12.21,53.2,-9.9,32.4,54.1,91.2
retest,2020-04-27,19.02,56.3,-8.3,20.0,50.2,63.0
retest,2022-03-17,31.9,57.9,-8.2,-19.5,-13.7,10.5
retest,2022-06-24,28.22,54.1,-14.2,-6.0,6.3,57.7
retest,2022-10-26,28.46,54.9,-4.0,17.8,38.9,50.1
retest,2026-01-09,39.83,54.6,-17.0,-16.5,-30.9,
retest,2026-05-07,33.88,54.7,-16.5,-12.5,,
retest,2026-07-28,30.69,61.9,-14.9,,,
