Date,close,ttm_eps,pe
2002-11-30,0.76,0.04,18.89
2002-12-31,0.74,0.04,18.5
2003-01-31,0.64,0.04,16.06
2003-02-28,0.49,0.04,12.2
2003-03-31,0.48,0.04,12.0
2003-04-30,0.52,0.04,13.12
2003-05-31,0.56,0.04,14.03
2003-06-30,0.6,0.04,14.97
2003-07-31,0.59,0.04,14.66
2003-08-31,0.63,0.04,15.7
2003-09-30,0.68,0.04,16.97
2003-10-31,0.78,0.04,19.48
2003-11-30,0.75,0.04,18.75
2003-12-31,1.04,0.04,25.94
2004-01-31,1.05,0.04,26.33
2004-02-29,1.23,0.04,30.69
2004-03-31,1.36,0.04,33.95
2004-04-30,1.18,0.04,29.61
2004-05-31,1.53,0.05,30.62
2004-06-30,1.67,0.05,33.38
2004-07-31,1.39,0.05,27.81
2004-08-31,1.36,0.05,27.15
2004-09-30,1.18,0.05,23.66
2004-10-31,1.16,0.05,23.22
2004-11-30,1.35,0.06,22.5
2004-12-31,1.64,0.06,27.42
2005-01-31,1.44,0.06,23.94
2005-02-28,1.46,0.06,24.27
2005-03-31,1.47,0.07,21.04
2005-04-30,1.36,0.07,19.36
2005-05-31,1.55,0.07,22.13
2005-06-30,1.49,0.07,21.27
2005-07-31,1.53,0.07,21.84
2005-08-31,1.54,0.07,22.04
2005-09-30,1.49,0.08,18.65
2005-10-31,1.46,0.08,18.25
2005-11-30,1.57,0.08,19.67
2005-12-31,1.44,0.08,18.02
2006-01-31,1.57,0.08,19.68
2006-02-28,1.62,0.08,20.19
2006-03-31,1.72,0.08,21.44
2006-04-30,1.68,0.08,20.98
2006-05-31,1.72,0.08,21.44
2006-06-30,1.54,0.08,19.19
2006-07-31,1.66,0.08,20.81
2006-08-31,1.75,0.08,21.93
2006-09-30,1.76,0.08,22.02
2006-10-31,1.81,0.08,22.6
2006-11-30,1.89,0.08,23.6
2006-12-31,1.88,0.08,23.44
2007-01-31,1.84,0.08,23.0
2007-02-28,1.84,0.08,23.01
2007-03-31,1.75,0.08,21.88
2007-04-30,1.81,0.08,22.64
2007-05-31,1.95,0.08,24.37
2007-06-30,1.91,0.09,21.24
2007-07-31,1.76,0.09,19.54
2007-08-31,1.83,0.09,20.38
2007-09-30,2.15,0.1,21.49
2007-10-31,2.4,0.1,23.99
2007-11-30,2.34,0.1,23.35
2007-12-31,2.66,0.11,24.18
2008-01-31,2.56,0.11,23.23
2008-02-29,2.6,0.11,23.67
2008-03-31,2.42,0.11,22.02
2008-04-30,2.55,0.11,23.22
2008-05-31,2.81,0.11,25.57
2008-06-30,2.68,0.11,24.33
2008-07-31,2.74,0.11,24.92
2008-08-31,2.75,0.11,25.01
2008-09-30,2.38,0.11,21.59
2008-10-31,2.18,0.11,19.83
2008-11-30,1.67,0.11,15.15
2008-12-31,1.7,0.11,15.45
2009-01-31,1.51,0.11,13.69
2009-02-28,1.69,0.11,15.35
2009-03-31,1.85,0.11,16.85
2009-04-30,1.96,0.11,17.84
2009-05-31,1.92,0.11,17.44
2009-06-30,2.17,0.11,19.7
2009-07-31,2.21,0.11,20.06
2009-08-31,2.21,0.11,20.08
2009-09-30,2.08,0.11,18.87
2009-10-31,2.01,0.11,18.28
2009-11-30,2.03,0.11,18.42
2009-12-31,2.29,0.11,20.81
2010-01-31,2.11,0.11,19.18
2010-02-28,2.23,0.11,20.27
2010-03-31,2.22,0.12,18.54
2010-04-30,2.23,0.12,18.59
2010-05-31,2.24,0.12,18.7
2010-06-30,2.24,0.12,18.65
2010-07-31,2.28,0.12,18.98
2010-08-31,2.07,0.12,17.21
2010-09-30,2.06,0.12,17.17
2010-10-31,2.12,0.12,17.64
2010-11-30,2.22,0.12,18.48
2010-12-31,2.33,0.12,19.45
2011-01-31,2.45,0.12,20.44
2011-02-28,2.63,0.12,21.88
2011-03-31,2.71,0.12,22.57
2011-04-30,2.84,0.12,23.64
2011-05-31,2.94,0.12,24.48
2011-06-30,2.91,0.13,22.4
2011-07-31,2.72,0.13,20.89
2011-08-31,2.69,0.13,20.69
2011-09-30,2.44,0.14,17.46
2011-10-31,2.72,0.14,19.44
2011-11-30,2.81,0.15,18.72
2011-12-31,2.99,0.15,19.95
2012-01-31,2.94,0.15,19.6
2012-02-29,3.11,0.16,19.44
2012-03-31,3.26,0.16,20.37
2012-04-30,3.3,0.16,20.63
2012-05-31,3.39,0.17,19.93
2012-06-30,2.96,0.17,17.42
2012-07-31,2.97,0.17,17.47
2012-08-31,3.34,0.17,19.64
2012-09-30,3.47,0.17,20.39
2012-10-31,3.6,0.17,21.17
2012-11-30,3.77,0.18,20.94
2012-12-31,3.69,0.18,20.49
2013-01-31,4.49,0.18,24.94
2013-02-28,4.27,0.18,23.71
2013-03-31,4.28,0.18,23.8
2013-04-30,4.41,0.18,24.48
2013-05-31,4.3,0.18,23.88
2013-06-30,3.85,0.18,21.39
2013-07-31,4.06,0.18,22.58
2013-08-31,3.97,0.18,22.06
2013-09-30,3.97,0.18,22.08
2013-10-31,4.03,0.18,22.38
2013-11-30,4.3,0.17,25.32
2013-12-31,4.58,0.17,26.95
2014-01-31,4.28,0.17,25.21
2014-02-28,4.55,0.17,26.79
2014-03-31,4.55,0.17,26.76
2014-04-30,4.53,0.17,26.67
2014-05-31,4.45,0.18,24.7
2014-06-30,4.5,0.18,24.97
2014-07-31,4.17,0.18,23.18
2014-08-31,4.3,0.18,23.91
2014-09-30,3.92,0.19,20.61
2014-10-31,4.18,0.19,22.0
2014-11-30,4.54,0.2,22.71
2014-12-31,4.56,0.2,22.81
2015-01-31,4.58,0.2,22.88
2015-02-28,4.68,0.21,22.27
2015-03-31,4.7,0.21,22.36
2015-04-30,4.45,0.21,21.17
2015-05-31,4.32,0.21,20.6
2015-06-30,4.43,0.21,21.12
2015-07-31,4.5,0.21,21.45
2015-08-31,4.38,0.21,20.85
2015-09-30,4.11,0.22,18.69
2015-10-31,4.53,0.22,20.57
2015-11-30,4.93,0.22,22.43
2015-12-31,4.75,0.22,21.6
2016-01-31,4.19,0.22,19.04
2016-02-29,4.72,0.23,20.52
2016-03-31,5.1,0.23,22.16
2016-04-30,5.36,0.23,23.28
2016-05-31,6.19,0.25,24.75
2016-06-30,6.13,0.25,24.5
2016-07-31,6.3,0.25,25.22
2016-08-31,6.38,0.25,25.51
2016-09-30,6.7,0.26,25.75
2016-10-31,6.56,0.26,25.23
2016-11-30,6.84,0.28,24.43
2016-12-31,6.93,0.28,24.74
2017-01-31,7.09,0.28,25.33
2017-02-28,7.39,0.29,25.49
2017-03-31,7.74,0.29,26.69
2017-04-30,7.72,0.29,26.64
2017-05-31,7.8,0.3,25.99
2017-06-30,7.95,0.3,26.49
2017-07-31,7.87,0.3,26.24
2017-08-31,8.17,0.3,27.24
2017-09-30,8.59,0.32,26.85
2017-10-31,9.07,0.32,28.35
2017-11-30,10.79,0.33,32.7
2017-12-31,10.8,0.33,32.72
2018-01-31,11.02,0.33,33.39
2018-02-28,11.7,0.38,30.8
2018-03-31,12.73,0.38,33.51
2018-04-30,12.77,0.38,33.61
2018-05-31,13.71,0.42,32.64
2018-06-30,14.14,0.42,33.67
2018-07-31,14.35,0.42,34.16
2018-08-31,16.08,0.42,38.28
2018-09-30,12.88,0.44,29.28
2018-10-31,12.23,0.44,27.79
2018-11-30,12.8,0.48,26.66
2018-12-31,11.94,0.48,24.89
2019-01-31,12.66,0.48,26.37
2019-02-28,14.67,0.49,29.93
2019-03-31,15.15,0.49,30.91
2019-04-30,16.83,0.49,34.35
2019-05-31,17.87,0.53,33.72
2019-06-30,18.68,0.53,35.25
2019-07-31,19.38,0.53,36.57
2019-08-31,18.85,0.53,35.56
2019-09-30,20.08,0.57,35.23
2019-10-31,20.66,0.57,36.25
2019-11-30,22.25,0.61,36.48
2019-12-31,22.74,0.61,37.27
2020-01-31,25.36,0.61,41.58
2020-02-29,21.12,0.64,33.0
2020-03-31,17.13,0.64,26.77
2020-04-30,20.03,0.64,31.29
2020-05-31,22.35,0.61,36.64
2020-06-30,20.82,0.61,34.13
2020-07-31,23.31,0.61,38.22
2020-08-31,25.83,0.61,42.34
2020-09-30,26.29,0.63,41.73
2020-10-31,27.59,0.63,43.79
2020-11-30,28.86,0.67,43.08
2020-12-31,31.81,0.67,47.48
2021-01-31,27.44,0.67,40.95
2021-02-28,27.29,0.71,38.44
2021-03-31,27.15,0.71,38.24
2021-04-30,31.13,0.71,43.84
2021-05-31,32.25,0.84,38.4
2021-06-30,32.96,0.84,39.24
2021-07-31,36.75,0.84,43.75
2021-08-31,36.08,0.84,42.95
2021-09-30,34.68,0.93,37.29
2021-10-31,38.82,0.93,41.74
2021-11-30,36.29,1.0,36.29
2021-12-31,37.9,1.0,37.9
2022-01-31,32.31,1.0,32.31
2022-02-28,30.72,1.08,28.44
2022-03-31,31.37,1.08,29.04
2022-04-30,28.41,1.08,26.31
2022-05-31,28.63,1.1,26.03
2022-06-30,27.16,1.1,24.7
2022-07-31,32.02,1.1,29.11
2022-08-31,29.91,1.1,27.19
2022-09-30,26.6,1.12,23.75
2022-10-31,28.76,1.12,25.67
2022-11-30,33.28,1.11,29.98
2022-12-31,30.44,1.11,27.43
2023-01-31,33.3,1.11,30.0
2023-02-28,35.23,1.14,30.9
2023-03-31,37.6,1.14,32.99
2023-04-30,39.52,1.14,34.67
2023-05-31,43.8,1.21,36.19
2023-06-30,45.6,1.21,37.69
2023-07-31,44.2,1.21,36.52
2023-08-31,44.83,1.21,37.05
2023-09-30,43.09,1.27,33.93
2023-10-31,43.52,1.27,34.27
2023-11-30,50.22,1.35,37.2
2023-12-31,49.0,1.35,36.3
2024-01-31,48.04,1.35,35.59
2024-02-29,53.15,1.37,38.8
2024-03-31,57.92,1.37,42.28
2024-04-30,54.31,1.37,39.64
2024-05-31,53.06,1.4,37.9
2024-06-30,54.16,1.4,38.69
2024-07-31,52.33,1.4,37.38
2024-08-31,52.96,1.4,37.83
2024-09-30,52.4,1.39,37.7
2024-10-31,51.47,1.39,37.03
2024-11-30,63.39,1.42,44.64
2024-12-31,57.39,1.42,40.42
2025-01-31,57.93,1.42,40.8
2025-02-28,54.8,1.49,36.78
2025-03-31,56.59,1.49,37.98
2025-04-30,61.03,1.49,40.96
2025-05-31,51.48,1.52,33.87
2025-06-30,49.07,1.52,32.28
2025-07-31,45.33,1.52,29.82
2025-08-31,48.81,1.52,32.11
2025-09-30,44.97,1.6,28.11
2025-10-31,43.01,1.6,26.88
2025-11-30,38.98,1.64,23.77
2025-12-31,39.15,1.64,23.87
2026-01-31,40.58,1.64,24.74
2026-02-28,38.09,1.6,23.81
2026-03-31,33.2,1.6,20.75
2026-04-30,33.11,1.6,20.69
2026-05-31,32.77,1.61,20.35
2026-06-30,28.19,1.61,17.51
2026-07-31,29.12,1.61,18.09
2026-08-31,32.99,1.61,20.49
2026-09-30,27.36,1.55,17.65
