eps_est,eps_actual,surprise_pct,date
0.01,0.01,4.5,2002-05-21
0.02,0.01,-34.58,2002-09-17
0.01,0.01,2.29,2002-09-17
0.01,0.01,,2002-11-20
0.01,0.01,-6.2,2003-02-18
0.01,0.01,9.7,2003-05-21
0.01,0.01,7.2,2003-09-16
0.01,0.01,6.3,2003-12-02
0.01,0.01,15.12,2004-02-24
0.01,0.02,35.04,2004-05-25
0.01,0.01,16.71,2004-09-14
0.01,0.02,14.24,2004-11-30
0.01,0.02,11.17,2005-03-01
0.02,0.02,8.24,2005-06-01
0.02,0.02,8.0,2005-09-28
0.02,0.02,-9.6,2005-12-02
0.02,0.02,4.98,2006-03-07
0.02,0.02,-4.01,2006-05-31
0.02,0.02,12.86,2006-10-04
0.02,0.02,6.67,2006-12-05
0.02,0.02,-3.05,2007-03-06
0.03,0.03,,2007-06-05
0.02,0.03,13.17,2007-09-26
0.02,0.03,6.7,2007-12-04
0.02,0.02,-11.99,2008-03-06
0.03,0.03,4.41,2008-06-03
0.03,0.03,5.19,2008-09-24
0.03,0.03,1.74,2008-12-03
0.02,0.02,-4.12,2009-03-04
0.03,0.03,3.06,2009-06-03
0.03,0.03,-5.28,2009-09-23
0.03,0.03,5.0,2009-12-01
0.03,0.03,,2010-03-02
0.03,0.03,7.18,2010-06-02
0.03,0.03,-11.02,2010-09-22
0.03,0.03,-0.64,2010-11-30
0.03,0.03,3.23,2011-03-02
0.04,0.04,1.28,2011-06-01
0.04,0.04,0.35,2011-09-20
0.04,0.04,6.34,2011-11-28
0.04,0.04,20.11,2012-02-28
0.05,0.05,-0.46,2012-05-29
0.04,0.04,3.45,2012-09-25
0.04,0.05,0.94,2012-11-27
0.05,0.04,-14.16,2013-02-27
0.06,0.05,-16.83,2013-05-30
0.05,0.04,-19.32,2013-09-24
0.04,0.04,-5.57,2013-11-25
0.05,0.04,-4.83,2014-02-25
0.06,0.06,-2.13,2014-05-28
0.05,0.05,-4.36,2014-09-23
0.05,0.05,9.39,2014-11-24
0.05,0.05,-1.11,2015-02-24
0.06,0.06,-10.69,2015-05-27
0.05,0.06,14.13,2015-09-22
0.05,0.05,-2.45,2015-11-23
0.05,0.06,11.61,2016-02-23
0.07,0.08,17.65,2016-05-25
0.07,0.07,7.73,2016-09-20
0.07,0.07,3.53,2016-11-21
0.07,0.07,1.47,2017-02-21
0.09,0.09,2.26,2017-05-24
0.08,0.09,13.11,2017-09-19
0.07,0.08,23.99,2017-11-21
0.1,0.12,21.85,2018-02-26
0.12,0.13,6.33,2018-05-23
0.12,0.11,-13.07,2018-09-19
0.12,0.12,-0.24,2018-11-20
0.13,0.13,2.77,2019-02-20
0.16,0.17,6.27,2019-05-22
0.14,0.15,3.63,2019-09-04
0.15,0.16,10.09,2019-11-20
0.17,0.16,-1.65,2020-02-19
0.16,0.14,-8.2,2020-05-20
0.1,0.17,79.56,2020-09-01
0.18,0.2,12.2,2020-11-18
0.2,0.2,0.29,2021-02-18
0.2,0.27,36.9,2021-05-19
0.23,0.26,12.7,2021-09-08
0.25,0.27,6.57,2021-11-17
0.27,0.28,2.43,2022-02-16
0.29,0.29,2.49,2022-05-18
0.27,0.28,2.9,2022-09-07
0.28,0.26,-9.42,2022-11-16
0.29,0.31,5.87,2023-02-20
0.32,0.36,12.54,2023-05-17
0.32,0.34,4.82,2023-09-14
0.32,0.34,4.65,2023-11-16
0.34,0.33,-4.25,2024-02-22
0.39,0.39,0.98,2024-05-16
0.37,0.33,-9.87,2024-09-04
0.37,0.37,0.94,2024-11-21
0.37,0.4,7.52,2025-02-20
0.42,0.42,0.78,2025-05-22
0.36,0.41,13.29,2025-09-04
0.39,0.41,5.09,2025-11-20
0.39,0.36,-8.12,2026-02-19
0.41,0.43,5.71,2026-05-21
0.38,0.35,-8.52,2026-09-10
0.4,,,2026-11-19
